Workbook

Sheet Daily Log
A1: Date | B1: Day # | C1: Week | D1: Channel | E1: Sub-channel | F1: Action | G1: Spend $ | H1: Impressions | I1: Clicks | J1: Signups (TF installs) | K1: Cost per click | L1: Cost per install | M1: UTM campaign | N1: Notes | O1: Decision taken
A2: 2026-05-12 | B2: 1 | C2: Week 1
A3: 2026-05-13 | B3: 2 | C3: Week 1
A4: 2026-05-14 | B4: 3 | C4: Week 1
A5: 2026-05-15 | B5: 4 | C5: Week 1
A6: 2026-05-16 | B6: 5 | C6: Week 1
A7: 2026-05-17 | B7: 6 | C7: Week 1
A8: 2026-05-18 | B8: 7 | C8: Week 1
A9: 2026-05-19 | B9: 8 | C9: Week 2
A10: 2026-05-20 | B10: 9 | C10: Week 2
A11: 2026-05-21 | B11: 10 | C11: Week 2
A12: 2026-05-22 | B12: 11 | C12: Week 2
A13: 2026-05-23 | B13: 12 | C13: Week 2
... A15: 2026-05-25 | B15: 14 | C15: Week 2
A17: Note: each day will have multiple log lines (one per action). Insert rows below the date header as needed.

Sheet Cumulative
A1: WEEKLY SUMMARY
A2: Week | B2: Spend $ | C2: Impressions | D2: Clicks | E2: Signups | F2: Cost per click | G2: Cost per install | H2: Real Philly visitors
A3: Week 1 | B3: =SUMIF('Daily Log'!C:C,"Week 1",'Daily Log'!G:G) | C3: =SUMIF('Daily Log'!C:C,"Week 1",'Daily Log'!H:H) | D3: =SUMIF('Daily Log'!C:C,"Week 1",'Daily Log'!I:I) | E3: =SUMIF('Daily Log'!C:C,"Week 1",'Daily Log'!J:J) | F3: =IFERROR(B3/D3,0) | G3: =IFERROR(B3/E3,0) | H3: (manual entry from GA4: city=Philadelphia, exclude founder)
A4: Week 2 | B4: =SUMIF('Daily Log'!C:C,"Week 2",'Daily Log'!G:G) | C4: =SUMIF('Daily Log'!C:C,"Week 2",'Daily Log'!H:H) | D4: =SUMIF('Daily Log'!C:C,"Week 2",'Daily Log'!I:I) | E4: =SUMIF('Daily Log'!C:C,"Week 2",'Daily Log'!J:J) | F4: =IFERROR(B4/D4,0) | G4: =IFERROR(B4/E4,0) | H4: (manual entry from GA4: city=Philadelphia, exclude founder)
A5: TOTAL (14 days) | B5: =SUMIF('Daily Log'!C:C,"Week 1",'Daily Log'!G:G)+SUMIF('Daily Log'!C:C,"Week 2",'Daily Log'!G:G) | C5: =SUMIF('Daily Log'!C:C,"Week 1",'Daily Log'!H:H)+SUMIF('Daily Log'!C:C,"Week 2",'Daily Log'!H:H) | D5: =SUMIF('Daily Log'!C:C,"Week 1",'Daily Log'!I:I)+SUMIF('Daily Log'!C:C,"Week 2",'Daily Log'!I:I) | E5: =SUMIF('Daily Log'!C:C,"Week 1",'Daily Log'!J:J)+SUMIF('Daily Log'!C:C,"Week 2",'Daily Log'!J:J) | F5: =IFERROR(B5/D5,0) | G5: =IFERROR(B5/E5,0) | H5: (manual entry from GA4: city=Philadelphia, exclude founder)
A7: CHANNEL BREAKDOWN (full sprint)
A8: Channel | B8: Spend $ | C8: Clicks | D8: Signups | E8: CPI | F8: % of total spend
A9: IG paid (Reels/Stories) | B9: =SUMIF('Daily Log'!D:D,"IG paid (Reels/Stories)",'Daily Log'!G:G) | C9: =SUMIF('Daily Log'!D:D,"IG paid (Reels/Stories)",'Daily Log'!I:I) | D9: =SUMIF('Daily Log'!D:D,"IG paid (Reels/Stories)",'Daily Log'!J:J) | E9: =IFERROR(B9/D9,0) | F9: =IFERROR(B9/$B$5,0)
A10: IG boost (organic Reel) | B10: =SUMIF('Daily Log'!D:D,"IG boost (organic Reel)",'Daily Log'!G:G) | C10: =SUMIF('Daily Log'!D:D,"IG boost (organic Reel)",'Daily Log'!I:I) | D10: =SUMIF('Daily Log'!D:D,"IG boost (organic Reel)",'Daily Log'!J:J) | E10: =IFERROR(B10/D10,0) | F10: =IFERROR(B10/$B$5,0)
A11: Google Search Ads | B11: =SUMIF('Daily Log'!D:D,"Google Search Ads",'Daily Log'!G:G) | C11: =SUMIF('Daily Log'!D:D,"Google Search Ads",'Daily Log'!I:I) | D11: =SUMIF('Daily Log'!D:D,"Google Search Ads",'Daily Log'!J:J) | E11: =IFERROR(B11/D11,0) | F11: =IFERROR(B11/$B$5,0)
A12: Reddit Promoted | B12: =SUMIF('Daily Log'!D:D,"Reddit Promoted",'Daily Log'!G:G) | C12: =SUMIF('Daily Log'!D:D,"Reddit Promoted",'Daily Log'!I:I) | D12: =SUMIF('Daily Log'!D:D,"Reddit Promoted",'Daily Log'!J:J) | E12: =IFERROR(B12/D12,0) | F12: =IFERROR(B12/$B$5,0)
A13: Reddit organic | B13: =SUMIF('Daily Log'!D:D,"Reddit organic",'Daily Log'!G:G) | C13: =SUMIF('Daily Log'!D:D,"Reddit organic",'Daily Log'!I:I) | D13: =SUMIF('Daily Log'!D:D,"Reddit organic",'Daily Log'!J:J) | E13: =IFERROR(B13/D13,0) | F13: =IFERROR(B13/$B$5,0)
A14: DMs | B14: =SUMIF('Daily Log'!D:D,"DMs",'Daily Log'!G:G) | C14: =SUMIF('Daily Log'!D:D,"DMs",'Daily Log'!I:I) | D14: =SUMIF('Daily Log'!D:D,"DMs",'Daily Log'!J:J) | E14: =IFERROR(B14/D14,0) | F14: =IFERROR(B14/$B$5,0)
A15: Directory submissions | B15: =SUMIF('Daily Log'!D:D,"Directory submissions",'Daily Log'!G:G) | C15: =SUMIF('Daily Log'!D:D,"Directory submissions",'Daily Log'!I:I) | D15: =SUMIF('Daily Log'!D:D,"Directory submissions",'Daily Log'!J:J) | E15: =IFERROR(B15/D15,0) | F15: =IFERROR(B15/$B$5,0)
A16: Indie Hackers / blog posts | B16: =SUMIF('Daily Log'!D:D,"Indie Hackers / blog posts",'Daily Log'!G:G) | C16: =SUMIF('Daily Log'!D:D,"Indie Hackers / blog posts",'Daily Log'!I:I) | D16: =SUMIF('Daily Log'!D:D,"Indie Hackers / blog posts",'Daily Log'!J:J) | E16: =IFERROR(B16/D16,0) | F16: =IFERROR(B16/$B$5,0)
A17: B2B owner outreach | B17: =SUMIF('Daily Log'!D:D,"B2B owner outreach",'Daily Log'!G:G) | C17: =SUMIF('Daily Log'!D:D,"B2B owner outreach",'Daily Log'!I:I) | D17: =SUMIF('Daily Log'!D:D,"B2B owner outreach",'Daily Log'!J:J) | E17: =IFERROR(B17/D17,0) | F17: =IFERROR(B17/$B$5,0)
A18: Podcast outreach | B18: =SUMIF('Daily Log'!D:D,"Podcast outreach",'Daily Log'!G:G) | C18: =SUMIF('Daily Log'!D:D,"Podcast outreach",'Daily Log'!I:I) | D18: =SUMIF('Daily Log'!D:D,"Podcast outreach",'Daily Log'!J:J) | E18: =IFERROR(B18/D18,0) | F18: =IFERROR(B18/$B$5,0)
A21: DECISION LOG
A22: Date | B22: Day # | C22: Decision | D22: Reason / data behind it | E22: Impact

Sheet Outreach Tracker
A1: Row # | B1: Tier | C1: Name | D1: Handle | E1: Followers | F1: % Philly | G1: Email | H1: Channel | I1: Date sent | J1: Restaurant referenced | K1: Response Y/N | L1: Response date | M1: TestFlight install Y/N | N1: Posted about us Y/N | O1: Notes
A2: 1 | B2: Tier A | C2: Kass | D2: @phillyfoodgirl | E2: 61600 | F2: 35 | G2: kass@phillyfoodgirl.com | H2: Email
A3: 2 | B3: Tier A | C3: Josh Moore | D3: @josheatsphilly | G3: josheatsphilly@gmail.com | H3: Email
A4: 3 | B4: Tier A | C4: Emily | D4: @dietstartstomorrow.phl | E4: 19900 | F4: 30 | G4: dietstartstomorrowphl@gmail.com | H4: Email
A5: 4 | B5: Tier A | C5: Katie | D5: @katieeatsphilly | E5: 15100 | F5: 16 | G5: katieeatsphilly@gmail.com | H5: Email
A6: 5 | B6: Tier A | C6: Fiona Golden | D6: @figi.rated | E6: 15000 | F6: 40 | H6: IG DM
A7: 6 | B7: Tier A | C7: (unknown) | D7: @phillyfooddude | E7: 11700 | F7: 42 | H7: IG DM
A8: 7 | B8: Tier A | C8: Jenica | D8: @jenicainphilly | E8: 9100 | F8: 12 | H8: IG DM
A9: 8 | B9: Tier A | C9: Tara Fowler | D9: @thephillyfoodblog | E9: 7900 | F9: 20 | H9: IG DM
A10: 9 | B10: Tier A | C10: Laura + Maura | D10: @loveatourfirstbite | E10: 6900 | F10: 15 | G10: the3philareviewers@gmail.com | H10: Email
A11: 10 | B11: Tier A | C11: Deezy | D11: @eats_with_deezy | G11: eats.with.deezy@gmail.com | H11: Email
A12: 11 | B12: Tier A | C12: (unknown) | D12: @feedingtime | H12: IG DM
A13: 12 | B13: Tier A | C13: Mollie Dronson | D13: @phillyfoodies | E13: 87000 | G13: phlfoodies@gmail.com | H13: Email
A14: 13 | B14: Tier A | C14: Lauren & Aaron | D14: @wanderingpassports_ | E14: 40200 | G14: passports.wandering@gmail.com | H14: Email
A15: 14 | B15: Tier A | C15: Tyshaniek | D15: @styledtoatea | E15: 13100 | F15: 24 | G15: hello@styledtoatea.com | H15: Email
A16: 15 | B16: Tier A | C16: Ashley Baldwin | D16: @exact_ley | E16: 216000 | F16: 44 | H16: IG DM
